{"cameraMode":{"drawMode":0,"name":"Shaded","section":"Shading Mode"},"sceneLighting":true,"audioPlay":false,"sceneViewState":{"showFog":true,"showMaterialUpdate":false,"showSkybox":true,"showFlares":true,"showImageEffects":true,"showParticleSystems":true},"in2DMode":false,"pivot":{"x":-0.45491451025009158,"y":0.03979063034057617,"z":-0.5016863346099854},"rotation":{"x":-0.34412717819213869,"y":0.00196909811347723,"z":-0.0007218176033347845,"w":-0.9389215707778931},"size":5.066025733947754,"orthographic":false}